Table name,Column name,Full Field Name English,Description English,Data type,Character max length
MDOTW_VW_OCCURRENCE_PUBLIC,ARFFCategoryID,ARFF category identification number,A system-generated number for the purposes of database administration.,int,NULL
MDOTW_VW_OCCURRENCE_PUBLIC,BearingID_Abbr,Bearing abbreviation,"The abbreviated bearing compass direction, when referencing the occurrence location from a landmark.",varchar,255
MDOTW_VW_AIRCRAFT_PUBLIC,AcID,Aircraft identification number,A system-generated number for the purposes of database administration.,int,NULL
MDOTW_VW_EVENTS_AND_PHASES_PUBLIC,AcID,Aircraft identification number,A system-generated number for the purposes of database administration.,int,NULL
MDOTW_VW_INJURIES_PUBLIC,AcID,Aircraft identification number,A system-generated number for the purposes of database administration.,int,NULL
MDOTW_VW_SURVIVABILITY_PUBLIC,AcID,Aircraft identification number,A system-generated number for the purposes of database administration.,int,NULL
MDOTW_VW_AIRCRAFT_PUBLIC,ActualAltitude,Actual altitude,"The actual altitude of the specific aircraft involved, in feet.",numeric,NULL
MDOTW_VW_AIRCRAFT_PUBLIC,ActualSepHorizontal,Actual separation horizontal,The actual horizontal separation of the aircraft.,numeric,NULL
MDOTW_VW_AIRCRAFT_PUBLIC,ActualSepHorizontalEnum,Actual horizontal separation enumerated,A system-generated number for the purposes of database administration.,int,NULL
MDOTW_VW_AIRCRAFT_PUBLIC,ActualSepTime,Actual separation time,"The actual separation time of the aircraft, in minutes.",numeric,NULL
MDOTW_VW_AIRCRAFT_PUBLIC,ActualSepVertical,Actual vertical separation,"The actual vertical separation of the aircraft, in feet.",numeric,NULL
MDOTW_VW_OCCURRENCE_PUBLIC,AerodromeOperatorID,Aerodrome operator identification number,A system-generated number for the purposes of database administration.,int,NULL
MDOTW_VW_AIRCRAFT_PUBLIC,AircraftCommonNameID,Aircraft common name identification number,A system-generated number for the purposes of database administration.,int,NULL
MDOTW_VW_SURVIVABILITY_PUBLIC,AircraftEvacTime,Aircraft evacuation time,"The duration of the aircraft evacuation, in minutes.",int,NULL
MDOTW_VW_AIRCRAFT_PUBLIC,AircraftID,Aircraft identification number,A system-generated number for the purposes of database administration.,int,NULL
MDOTW_VW_AIRCRAFT_PUBLIC,AircraftMakeID,Aircraft make identification number,A system-generated number for the purposes of database administration.,int,NULL
MDOTW_VW_AIRCRAFT_PUBLIC,AircraftModelID,Aircraft model identification number,A system-generated number for the purposes of database administration.,int,NULL
MDOTW_VW_AIRCRAFT_PUBLIC,AircraftSeries,Aircraft series,"The aircraft series, if applicable.",varchar,255
MDOTW_VW_AIRCRAFT_PUBLIC,AircraftTypeID,Aircraft type identification number,A system-generated number for the purposes of database administration.,int,NULL
MDOTW_VW_AIRCRAFT_PUBLIC,AircraftVersion,Aircraft version,"The TSB version assigned to the aircraft registration, if specific information has changed (e.g. make or model).",numeric,NULL
MDOTW_VW_AIRCRAFT_PUBLIC,AircraftTypeID_DisplayEng,Aircraft type (English),"The aircraft type as defined in the Canadian Aviation Regulations, Part 1, Subpart 1.",varchar,255
MDOTW_VW_OCCURRENCE_PUBLIC,AirportID,Airport identification number,A system-generated number for the purposes of database administration.,int,NULL
MDOTW_VW_OCCURRENCE_PUBLIC,LandingTakeOffAirportID,Landing/takeoff airport identification number,The International Civil Aviation Organization (ICAO) airport identification abreviations identifying the occurrence landing/takeoff airport.,int,NULL
MDOTW_VW_AIRCRAFT_PUBLIC,AircraftTypeID_DisplayFre,Aircraft type  (French),"The aircraft type as defined in the Canadian Aviation Regulations, Part 1, Subpart 1.",varchar,255
MDOTW_VW_OCCURRENCE_PUBLIC,AirportID_AirportName,Airport identification number airport name,"The name of the occurrence airport, or the airport used as reference to the occurrence location.",varchar,255
MDOTW_VW_AIRCRAFT_PUBLIC,DepartAirportID_AirportName,Departure airport identification number airport name,"The name of the departure airport, if applicable.",varchar,255
MDOTW_VW_AIRCRAFT_PUBLIC,DestAirportID_AirportName,Destination airport identification number airport name,"The name of the destination airport, if applicable. ",varchar,255
MDOTW_VW_OCCURRENCE_PUBLIC,LandingTakeOffAirportID_AirportName,Landing/takeoff airport identification number airport name,The full name of the airport/aerodrome/heliport.,varchar,255
MDOTW_VW_AIRCRAFT_PUBLIC,AirWarningSystemID,Air warning system identification number,A system-generated number for the purposes of database administration.,int,NULL
MDOTW_VW_AIRCRAFT_PUBLIC,AmateurBuildIND,Amateur build indicator,Indicates whether the aircraft was amateur-built.,smallint,NULL
MDOTW_VW_OCCURRENCE_PUBLIC,ApproachRunwayID,Approach runway identification number,A system-generated number for the purposes of database administration.,int,NULL
MDOTW_VW_OCCURRENCE_PUBLIC,ApproachTypeID,Approach type identification number,A system-generated number for the purposes of database administration.,int,NULL
MDOTW_VW_OCCURRENCE_PUBLIC,AreaTypeDetailID,Area type detail identification number,A system-generated number for the purposes of database administration.,int,NULL
MDOTW_VW_AIRCRAFT_PUBLIC,AtsServiceID,ATS service identification number,A system-generated number for the purposes of database administration.,int,NULL
MDOTW_VW_AIRCRAFT_PUBLIC,AtsTypeID,ATS type identification number,A system-generated number for the purposes of database administration.,int,NULL
MDOTW_VW_AIRCRAFT_PUBLIC,AtsUnitInvolvedEnum,ATS unit involved enumerated,A system-generated number for the purposes of database administration.,int,NULL
MDOTW_VW_AIRCRAFT_PUBLIC,AtsUnitName,ATS unit name,The air traffic service (ATS) unit name.,varchar,255
MDOTW_VW_OCCURRENCE_PUBLIC,BearingID,Bearing identification number,A system-generated number for the purposes of database administration.,int,NULL
MDOTW_VW_AIRCRAFT_PUBLIC,CarsSubpartID,CARs subpart identification number,A system-generated number for the purposes of database administration.,int,NULL
MDOTW_VW_AIRCRAFT_PUBLIC,ClearedAltitude,Cleared altitude,"The altitude for which the specific aircraft involved was granted an ATC clearance, in feet.",numeric,NULL
MDOTW_VW_AIRCRAFT_PUBLIC,CofGWithinLimitsEnum,Centre of gravity within limits enumerated,A system-generated number for the purposes of database administration.,int,NULL
MDOTW_VW_AIRCRAFT_PUBLIC,CombustibleID,Combustible identification number,A system-generated number for the purposes of database administration.,int,NULL
MDOTW_VW_OCCURRENCE_PUBLIC,CommonName,Common name,The common name of the occurrence.,varchar,255
MDOTW_VW_OCCURRENCE_PUBLIC,BearingID_CompassPoint,Compass point bearing,The bearing compass direction of the occurrence location from a landmark.,varchar,255
MDOTW_VW_OCCURRENCE_PUBLIC,ControlStatusID,Control status identification number,A system-generated number for the purposes of database administration.,int,NULL
MDOTW_VW_OCCURRENCE_PUBLIC,AirportID_CountryID,Airport identification number country identification number,A system-generated number for the purposes of database administration.,int,NULL
MDOTW_VW_OCCURRENCE_PUBLIC,CountryID,Country identification number,A system-generated number for the purposes of database administration.,int,NULL
MDOTW_VW_AIRCRAFT_PUBLIC,DamageLevelID,Damage level identification number,A system-generated number for the purposes of database administration.,int,NULL
MDOTW_VW_AIRCRAFT_PUBLIC,DangerousGoodEnum,Dangerous goods enumerated,A system-generated number for the purposes of database administration.,int,NULL
MDOTW_VW_AIRCRAFT_PUBLIC,DepartAirportID,Departure airport identification number,A system-generated number for the purposes of database administration.,int,NULL
MDOTW_VW_AIRCRAFT_PUBLIC,DepartDesc,Departure description,"A description of the departure location, filled in as free form text when no DepartAirportID is specified.",varchar,255
MDOTW_VW_AIRCRAFT_PUBLIC,DepartLocationTypeID,Departure location type identification number,A system-generated number for the purposes of database administration.,int,NULL
MDOTW_VW_OCCURRENCE_PUBLIC,DeployedEnum,Deployed enumerated,A system-generated number for the purposes of database administration.,int,NULL
MDOTW_VW_AIRCRAFT_PUBLIC,DestAirportID,Destination airport identification number,A system-generated number for the purposes of database administration.,int,NULL
MDOTW_VW_AIRCRAFT_PUBLIC,DestinationDesc,Destination description,"A description of the destination location, filled in as free form text when no DestAirportID is specified.",varchar,255
MDOTW_VW_AIRCRAFT_PUBLIC,DestLocationTypeID,Destination location type identification number,A system-generated number for the purposes of database administration.,int,NULL
MDOTW_VW_AIRCRAFT_PUBLIC,ActualSepHorizontalEnum_DisplayEng,Actual separation horizontal (English),"The unit of measure for actual horizontal separation, in English.",varchar,255
MDOTW_VW_OCCURRENCE_PUBLIC,AerodromeOperatorID_DisplayEng,Aerodrome operator (English),"The aerodrome operator type, in English.",varchar,255
MDOTW_VW_AIRCRAFT_PUBLIC,AircraftCommonNameID_DisplayEng,Aircraft common name (English),"The aircraft common name (e.g. marketing designation), in English.",varchar,255
MDOTW_VW_AIRCRAFT_PUBLIC,AircraftMakeID_DisplayEng,Aircraft make (English),"The aircraft make, in English.",varchar,255
MDOTW_VW_AIRCRAFT_PUBLIC,AircraftModelID_DisplayEng,Aircraft model (English),"The aircraft model, in English.",varchar,255
MDOTW_VW_OCCURRENCE_PUBLIC,AirportID_CountryID_DisplayEng,Airport country (English),"The country in which the airport is located, in English.",varchar,255
MDOTW_VW_OCCURRENCE_PUBLIC,AirportID_ProvinceID_DisplayEng,Airport province (English),"The province or the state in which the airport is located, in Canada or the United States respectively, in English. ",varchar,255
MDOTW_VW_AIRCRAFT_PUBLIC,AirWarningSystemID_DisplayEng,Air warning system (English),"The type of airborne collision avoidance system activated, in English.",varchar,255
MDOTW_VW_OCCURRENCE_PUBLIC,ApproachRunwayID_DisplayEng,Approach runway (English),"The approach runway designation, in English.",varchar,255
MDOTW_VW_OCCURRENCE_PUBLIC,ApproachTypeID_DisplayEng,Approach type (English),"The approach type description, in English.",varchar,255
MDOTW_VW_OCCURRENCE_PUBLIC,AreaTypeDetailID_DisplayEng,Area type detail (English),"The area type detail for the takeoff or landing off aerodrome, in English.",varchar,255
MDOTW_VW_OCCURRENCE_PUBLIC,ARFFCategoryID_DisplayEng,ARFF category (English),"The aircraft rescue and firefighting (ARFF) category, in English.",varchar,255
MDOTW_VW_AIRCRAFT_PUBLIC,AtsServiceID_DisplayEng,ATS service (English),"The air traffic service (ATS) provided in Canada or by an international equivalent, in English.",varchar,255
MDOTW_VW_AIRCRAFT_PUBLIC,AtsTypeID_DisplayEng,ATS type (English),"The air traffic service (ATS) type description, in English.",varchar,255
MDOTW_VW_AIRCRAFT_PUBLIC,AtsUnitInvolvedEnum_DisplayEng,ATS unit involved (English),"Indicates whether an air traffic service (ATS) unit was involved, in English.",varchar,255
MDOTW_VW_AIRCRAFT_PUBLIC,CarsSubpartID_DisplayEng,CARs subpart  (English),"The Canadian Aviation Regulations (CARs) subpart under which the private or commercial operator is operating, in English.",varchar,255
MDOTW_VW_AIRCRAFT_PUBLIC,CofGWithinLimitsEnum_DisplayEng,Centre of gravity within limits (English),"Indicates whether the centre of gravity is within limits, in English.",varchar,255
MDOTW_VW_AIRCRAFT_PUBLIC,CombustibleID_DisplayEng,Combustible  (English),"The combustible material description, in English.",varchar,255
MDOTW_VW_OCCURRENCE_PUBLIC,ControlStatusID_DisplayEng,Control status  (English),"The level of air traffic control description, in English.",varchar,255
MDOTW_VW_OCCURRENCE_PUBLIC,CountryID_DisplayEng,Country  (English),"The country of the occurrence, in English.",varchar,255
MDOTW_VW_AIRCRAFT_PUBLIC,DamageLevelID_DisplayEng,Damage level  (English),"The aircraft level of damage as defined by ICAO, in English.",varchar,255
MDOTW_VW_AIRCRAFT_PUBLIC,DangerousGoodEnum_DisplayEng,Dangerous goods (English),"Indicates whether there were dangerous goods on board the occurrence aircraft, if known, in English.",varchar,255
MDOTW_VW_OCCURRENCE_PUBLIC,DeployedEnum_DisplayEng,Deployed (English),"Indicates whether the TSB was deployed to the occurrence site, in English.",varchar,255
MDOTW_VW_OCCURRENCE_PUBLIC,DistanceEnumEng,Distance (English),"The unit of measurement for distance, in English: feet, meters, or nautical miles.",varchar,255
MDOTW_VW_SURVIVABILITY_PUBLIC,ELTInstalledEnum_DisplayEng,ELT installed (English),"Indicates whether an emergency locator transmitter (ELT) was installed on the occurrence aircraft, if known, in English.",varchar,255
MDOTW_VW_SURVIVABILITY_PUBLIC,ELTSignalReceivedEnum_DisplayEng,ELT signal received (English),"Indicates whether an ELT signal was received, if known, in English.",varchar,255
MDOTW_VW_SURVIVABILITY_PUBLIC,ELTStatusID_DisplayEng,ELT status  (English),"A description of the ELT status, in English.",varchar,255
MDOTW_VW_AIRCRAFT_PUBLIC,EngineMakeID_DisplayEng,Engine make  (English),"A description of the engine make, in English.",varchar,255
MDOTW_VW_AIRCRAFT_PUBLIC,EngineModelID_DisplayEng,Engine model  (English),"A description of the engine model, in English.",varchar,255
MDOTW_VW_AIRCRAFT_PUBLIC,EngineTypeID_DisplayEng,Engine type  (English),"A description of the engine type, in English.",varchar,255
MDOTW_VW_SURVIVABILITY_PUBLIC,EquipEffectiveEnum_DisplayEng,Equipment effective (English),"Indicates whether equipment was effective and corresponds to the survival equipment, if known, in English.",varchar,255
MDOTW_VW_SURVIVABILITY_PUBLIC,EquipEffectiveEnum_DisplayFre,Equipment effective (French),"Indicates whether equipment was effective and corresponds to the survival equipment, if known, in French.",varchar,255
MDOTW_VW_SURVIVABILITY_PUBLIC,EquipEffReasonID_DisplayEng,Equipment effectiveness reason  (English),"The reason for survival equipment effectiveness, in English.",varchar,255
MDOTW_VW_SURVIVABILITY_PUBLIC,EquipInfluenceEnum_DisplayEng,Equipment influence (English),"Indicates whether the equipment influenced the survivability of the occurrence, if known, in English.",varchar,255
MDOTW_VW_SURVIVABILITY_PUBLIC,EquipInfluenceEnum_DisplayFre,Equipment influence (French),"Indicates whether the equipment influenced the survivability of the occurrence, if known, in French.",varchar,255
MDOTW_VW_SURVIVABILITY_PUBLIC,EvacEgressIssueEnum_DisplayEng,Evacuation egress issues (English),"Indicates whether there were evacuation egress issues, if known, in English.",varchar,255
MDOTW_VW_SURVIVABILITY_PUBLIC,EvacHamperedID_DisplayEng,Evacuation hampered  (English),"The reason(s) why the evacuation was hampered, if applicable, in English.",varchar,255
MDOTW_VW_AIRCRAFT_PUBLIC,EvasiveActionByATSEnum_DisplayEng,Evasive action by ATS (English),"Indicates whether evasive action was instructed by the air traffic service (ATS), if known, in English.",varchar,255
MDOTW_VW_AIRCRAFT_PUBLIC,EvasiveActionByPilotEnum_DisplayEng,Evasive action by pilot (English),"Indicates whether evasive action was taken by the pilot, if known, in English.",varchar,255
MDOTW_VW_EVENTS_AND_PHASES_PUBLIC,EventID_DisplayEng,Event  (English),"A description of the event, in English.",varchar,255
MDOTW_VW_AIRCRAFT_PUBLIC,ExtinguishingAgentID_DisplayEng,Extinguishing agent  (English),"A description of the extinguishing agent type, in English.",varchar,255
MDOTW_VW_OCCURRENCE_PUBLIC,FinalCentrelineEnum_DisplayEng,Final centreline (English),"For land takeoff or landing, the reference of the final aircraft location relative to the centreline, in English.",varchar,255
MDOTW_VW_OCCURRENCE_PUBLIC,FinalPositionEnum_DisplayEng,Final position (English),"A description of the final position, in English.",varchar,255
MDOTW_VW_OCCURRENCE_PUBLIC,FinalPositionID_DisplayEng,Final position  (English),"For water takeoff or landing, the final aircraft position, in English.",varchar,255
MDOTW_VW_OCCURRENCE_PUBLIC,FinalThresholdEnum_DisplayEng,Final threshold (English),"For land takeoff or landing, the reference of the final aircraft location relative to the runway threshold, in English.",varchar,255
MDOTW_VW_AIRCRAFT_PUBLIC,FireIgnitionSourceID_DisplayEng,Fire ignition source  (English),"A description of the fire ignition source, in English.",varchar,255
MDOTW_VW_AIRCRAFT_PUBLIC,FireSuppressionTypeID_DisplayEng,Fire suppression type  (English),"A description of the fire suppression type, in English.",varchar,255
MDOTW_VW_AIRCRAFT_PUBLIC,FireWarningAvailableEnum_DisplayEng,Fire warning available (English),"Indicates whether a fire warning was available, if know, in English.",varchar,255
MDOTW_VW_AIRCRAFT_PUBLIC,FireWarningEnum_DisplayEng,Fire warning (English),"Indicates whether the fire warning was triggered, if available, and if known, in English.",varchar,255
MDOTW_VW_SURVIVABILITY_PUBLIC,FlightFollowingSystemID_DisplayEng,Flight following system  (English),"Indicates whether a flight following system (a type of onboard aircraft position tracking system) was installed, and whether it provided any assistance to locating the aircraft (English)",varchar,255
MDOTW_VW_AIRCRAFT_PUBLIC,FlightPhaseID_DisplayEng,Flight phase (English),"The flight phase when fire or smoke is initiated, in English.",varchar,255
MDOTW_VW_AIRCRAFT_PUBLIC,FlightPlanTypeID_DisplayEng,Flight plan type  (English),"The type of flight plan, in English.",varchar,255
MDOTW_VW_OCCURRENCE_PUBLIC,FullProcedureIND_DisplayEng,Full procedure indicator display (English),"Indicates whether full instrument approach procedures were used, in English.",varchar,255
MDOTW_VW_OCCURRENCE_PUBLIC,GeneralWeatherID_DisplayEng,General weather  (English),"Indicates whether the known weather conditions were conducive to visual or instrument flight rules, in English.",varchar,255
MDOTW_VW_OCCURRENCE_PUBLIC,GeneralWeatherID_DisplayEng,General weather  (English),"The general weather conditions, in English.",varchar,255
MDOTW_VW_AIRCRAFT_PUBLIC,GroundWarningSystemID_DisplayEng,Ground warning system  (English),"A description of the ground-based collision warning system activated in the occurrence, in English.",varchar,255
MDOTW_VW_OCCURRENCE_PUBLIC,HelicopterTakeOffLandingSiteID_DisplayEng,Helicopter takeoff/landing site  (English),"A description of the helicopter takeoff/landing site surface, in English.",varchar,255
MDOTW_VW_OCCURRENCE_PUBLIC,ICAO_DisplayEng,ICAO (English),"The International Civil Aviation Organization (ICAO) occurrence category, in English.
For one occurrence, multiple ICAO categories may be assigned, that will generate multiple entries/rows.",varchar,255
MDOTW_VW_OCCURRENCE_PUBLIC,InflightIcingCondEnum_DisplayEng,In-flight icing conditions (English),"Indicates whether in-flight icing conditions existed, if known, in English.",varchar,255
MDOTW_VW_AIRCRAFT_PUBLIC,InitialLocationID_DisplayEng,Initial location  (English),"The initial location where the fire or smoke occurred, in English.",varchar,255
MDOTW_VW_OCCURRENCE_PUBLIC,InitialPositionEnum_DisplayEng,Initial position (English),"The initial position, in English.",varchar,255
MDOTW_VW_OCCURRENCE_PUBLIC,InitialPositionID_DisplayEng,Initial position  (English),"For water landing, the initial aircraft touchdown position, in English.",varchar,255
MDOTW_VW_OCCURRENCE_PUBLIC,InjuriesEnum_DisplayEng,Injuries (English),"Indicates whether there were any injuries related to the occurrence, including ground injuries, in English.",varchar,255
MDOTW_VW_INJURIES_PUBLIC,InjuryCategoryID_DisplayEng,Injury category  (English),"A description of the injury category (crew/passengers/ground), in English.
Note: Injury count for crew/passengers/ground are stored in separate entries.",varchar,255
MDOTW_VW_AIRCRAFT_PUBLIC,KitManualBuilderID_DisplayEng,Kit manual builder  (English),"For amateur-built aircraft, the entity that built the aircraft, in English.",varchar,255
MDOTW_VW_AIRCRAFT_PUBLIC,KitManualModelID_DisplayEng,Kit manual model  (English),"The kit manual model for aircraft that is identified as amateur-built, in English. ",varchar,255
MDOTW_VW_AIRCRAFT_PUBLIC,LandingGearID_DisplayEng,Landing gear  (English),"The type of landing gear on the aircraft, in English.",varchar,255
MDOTW_VW_OCCURRENCE_PUBLIC,LatEnum_DisplayEng,Latitude (English),"The latitude hemisphere (N/S), in English.",varchar,255
MDOTW_VW_OCCURRENCE_PUBLIC,LightCondID_DisplayEng,Light conditions  (English),"A description of the light conditions, in English.",varchar,255
MDOTW_VW_OCCURRENCE_PUBLIC,LongEnum_DisplayEng,Longitude (English),"The longitude hemisphere relative to the prime meridian (E/W), in English.",varchar,255
MDOTW_VW_OCCURRENCE_PUBLIC,ManeuverToFinalID_DisplayEng,Manœuvre to final (English),"A description of the manœuvre to final, in English.",varchar,255
MDOTW_VW_OCCURRENCE_PUBLIC,OccClassID_DisplayEng,Occurrence classification  (English),"The classification of the occurrence in accordance with the TSB Policy on Occurrence Classification, in English. Note: The policy changed on 01 May 2018, and occurrences are classified in accordance with their contemporary policy.",varchar,255
MDOTW_VW_OCCURRENCE_PUBLIC,OccIncidentTypeID_DisplayEng,Occurrence incident type  (English),"If the occurrence is a reportable incident, the type of incident as defined in the Transportation Safety Board Regulations, Part 1, Subparagraph 2(1)(b), in English.",varchar,255
MDOTW_VW_OCCURRENCE_PUBLIC,AirportID_AirportName,Airport name,"Name of occurrence airport, or airport used as reference to the occurrence location",varchar,255
MDOTW_VW_OCCURRENCE_PUBLIC,OccTypeID_DisplayEng,Occurrence type  (English),"A description of the occurrence type (accident/incident reportable), in English.",varchar,255
MDOTW_VW_OCCURRENCE_PUBLIC,OceanID_DisplayEng,Ocean  (English),"The name of the ocean if the occurrence is over an ocean, in English.",varchar,255
MDOTW_VW_AIRCRAFT_PUBLIC,FlightNo,Flight number,Flight Number of the Specific Aircraft Involved (AcID),varchar,255
MDOTW_VW_AIRCRAFT_PUBLIC,OperationTypeID_DisplayEng,Operation type  (English),"The type of operation performed at the time of the occurrence, in English.",varchar,255
MDOTW_VW_AIRCRAFT_PUBLIC,OperatorTypeID_DisplayEng,Operator type  (English),"The type of operator (private, commercial, state) involved in the occurrence, in English.",varchar,255
MDOTW_VW_AIRCRAFT_PUBLIC,ICAODepart,ICAO,"The International Civil Aviation Organization (ICAO) identification for the airport, aerodrome, or heliport of the intended takeoff.",char,4
MDOTW_VW_AIRCRAFT_PUBLIC,OrganizationID_DisplayEng,Organization  (English),"The name of the organization (if the operator is an organization), in English.",varchar,255
MDOTW_VW_AIRCRAFT_PUBLIC,ICAODestination,ICAO,"The International Civil Aviation Organization (ICAO) identification for the airport, aerodrome, or heliport of the intended landing.",char,4
MDOTW_VW_AIRCRAFT_PUBLIC,OtherAircraftSightedEnum_DisplayEng,Other aircraft sighted (English),"Indicates whether the other aircraft was sighted by the specific aircraft involved (Yes/No/Wrong aircraft), in English.",varchar,255
MDOTW_VW_OCCURRENCE_PUBLIC,PadID_DisplayEng,Pad  (English),"The location of the helipad on the aerodrome (for helicopter takeoff or landing from land or aerodrome), in English.",varchar,255
MDOTW_VW_EVENTS_AND_PHASES_PUBLIC,PhaseID_DisplayEng,Phase  (English),"The phase of the flight, in English.
Note: Multiple phases can be assigned to each occurrence (OccID) or specific aircraft (AcID) and each will have an associated EventID.",varchar,255
MDOTW_VW_AIRCRAFT_PUBLIC,PopOutFloatsEnum_DisplayEng,Pop out floats (English),"Indicates whether the aircraft is equipped with pop out floats (Yes/No/Unknown), in English.",varchar,255
MDOTW_VW_OCCURRENCE_PUBLIC,PositionTypeEnum_DisplayEng,Position type (English),"The encoding system format used for filling the latitude and longitude fields for the occurrence location, in French.",varchar,255
MDOTW_VW_AIRCRAFT_PUBLIC,PropellerMakeID_DisplayEng,Propeller make  (English),"The make of the malfunctioning propeller, in English.
Note: Each malfunctioning propeller will result in a separate entry.",varchar,255
MDOTW_VW_AIRCRAFT_PUBLIC,PropellerModelID_DisplayEng,Propeller model  (English),"The model of the malfunctioning propeller, in English.
Propeller grid - Multiple propeller entries per occurrence (OccID) and/or specific aircraft (AcID) possible. Each malfunctioning propeller will result in a separate entry.",varchar,255
MDOTW_VW_AIRCRAFT_PUBLIC,PropellerTypeID_DisplayEng,Propeller type  (English),"The type of the malfunctioning propeller, in English.
Propeller grid - Multiple propeller entries per occurrence (OccID) and/or specific aircraft (AcID) possible. Each malfunctioning propeller will result in a separate entry.",varchar,255
MDOTW_VW_OCCURRENCE_PUBLIC,ProvinceID_DisplayEng,Province  (English),"The province (Canada) or state (United States) of the occurrence, in English.",varchar,255
MDOTW_VW_AIRCRAFT_PUBLIC,RegCountryID_DisplayEng,Registration country  (English),"The country of registration of the occurrence aircraft, in English.",varchar,255
MDOTW_VW_OCCURRENCE_PUBLIC,ReportedByID_DisplayEng,Reported by  (English),"The name of the organization or entity that reported the occurrence, in English.",varchar,255
MDOTW_VW_AIRCRAFT_PUBLIC,ReqSepHorizontalEnum_DisplayEng,Required separation horizontal (English),"The unit of measure for the required horizontal separation of the aircraft, in English.",varchar,255
MDOTW_VW_OCCURRENCE_PUBLIC,ResaSurfaceTypeID_DisplayEng,RESA surface type  (English),"The type of surface of the runway end safety area (RESA) for takeoff and landing from land or aerodrome, in English.",varchar,255
MDOTW_VW_OCCURRENCE_PUBLIC,RespRegionID_DisplayEng,Responsible region  (English),"The regional office responsible for investigating the occurrence (may not be the same as the region of occurrence), in English.",varchar,255
MDOTW_VW_AIRCRAFT_PUBLIC,RotorLocationID_DisplayEng,Rotor location  (English),"The location of the rotor, in English.
Note 1: Each malfunctioning rotor will result in a separate entry. Note 2: The rotor location definition is dependent on rotor system. If the rotor system is ""single"", the field is empty.",varchar,255
MDOTW_VW_AIRCRAFT_PUBLIC,RotorMakeID_DisplayEng,Rotor make  (English),"The make of the malfunctioning rotor, in English.
Rotor grid - Multiple rotor entries per occurrence (OccID) and/or specific aircraft (AcID) possible. Each malfunctioning rotor will result in a separate entry.",varchar,255
MDOTW_VW_AIRCRAFT_PUBLIC,RotorModelID_DisplayEng,Rotor model  (English),"The model of the malfunctioning rotor, in English.
Note: Each malfunctioning rotor will result in a separate entry.",varchar,255
MDOTW_VW_AIRCRAFT_PUBLIC,RotorSystemID_DisplayEng,Rotor system  (English),"The type of rotor system on the occurrence aircraft (Single/Tandem/Twin/Coaxial/Other), in English.
Note: Each malfunctioning rotor will result in a separate entry.",varchar,255
MDOTW_VW_OCCURRENCE_PUBLIC,RunwayID_DisplayEng,Runway  (English),"The designation of the runway for land takeoff or landing from aerodrome, in English.",varchar,255
MDOTW_VW_OCCURRENCE_PUBLIC,RunwaySlopeID_DisplayEng,Runway slope  (English),"The slope of the runway involved in the occurrence, in English.",varchar,255
MDOTW_VW_OCCURRENCE_PUBLIC,RunwaySurfaceID_DisplayEng,Runway surface  (English),"The texture of the surface of the runway involved in the occurrence, in English.",varchar,255
MDOTW_VW_OCCURRENCE_PUBLIC,RunwaySurfaceTypeID_DisplayEng,Runway surface type  (English),"The type of surface of the runway involved in the occurrence, in English.",varchar,255
MDOTW_VW_OCCURRENCE_PUBLIC,RVRUnlimitedIND_DisplayEng,RVR unlimited indicator (English),"Indicates whether the runway visual range (RVR) is unlimited, in English. Indicator: Yes/No",varchar,255
MDOTW_VW_OCCURRENCE_PUBLIC,SafetyCommIssuedEnum_DisplayEng,Safety communication issued (English),"Indicates whether a TSB safety communication was issued, in English. Indicator: Yes/No. NOTE: this field has not been updated for accuracy. ",varchar,255
MDOTW_VW_OCCURRENCE_PUBLIC,SeriousIncidentEnum_DisplayEng,Serious incident (English),"Indicates whether the occurrence was a serious incident as defined by ICAO in Annex 13, in English. Indicator: Yes/No.",varchar,255
MDOTW_VW_OCCURRENCE_PUBLIC,SkyCondID_DisplayEng,Sky conditions  (English),"The sky conditions at the time of the occurrence, in English.",varchar,255
MDOTW_VW_AIRCRAFT_PUBLIC,StateOperatorID_DisplayEng,State operator  (English),"The type of state operator, if relevant, in English.",varchar,255
MDOTW_VW_OCCURRENCE_PUBLIC,SurfaceContaminationID_DisplayEng,Surface contamination  (English),"The type of surface contamination, if relevant, in English.
Note: Each description will result in a separate entry.",varchar,255
MDOTW_VW_SURVIVABILITY_PUBLIC,SurvEquiID_DisplayEng,Survival equipment  (English),"The survival equipment available on the occurrence aircraft, if relevant, in English.
Equipment grid - Multiple survival equipments can be assigned to an occurrence (OccID). Each equipment will result in a separate entry.",varchar,255
MDOTW_VW_SURVIVABILITY_PUBLIC,SurvivableEnum_DisplayEng,Survivable (English),"Indicates whether the occurrence was survivable (for occurrences involving an impact), in English. Indicator: Yes/No/Unknown.",varchar,255
MDOTW_VW_OCCURRENCE_PUBLIC,SwCrosswindEnum_DisplayEng,Surface wind crosswind (English),"Indicates whether the crosswind component of the surface wind blowed from the left or the right at the time of the occurrence, in English. Indicator: Left/Right.",varchar,255
MDOTW_VW_OCCURRENCE_PUBLIC,SwDirectionEnum_DisplayEng,Surface wind direction (English),"Indicates whether the heading for the surface wind direction at the time of the occurrence is magnetic or true, in English.",varchar,255
MDOTW_VW_OCCURRENCE_PUBLIC,SwVariableDirIND_DisplayEng,Surface wind variable direction indicator (English),"Indicates whether the direction of the surface wind was variable at the time of the occurrence, in English. Indicator: Yes/No.",varchar,255
MDOTW_VW_AIRCRAFT_PUBLIC,SystemEffectiveEnum_DisplayEng,System effective (English),"Indicates whether the fire suppression system was effective, in English. Indicator: Yes/Partial/No/Unknown
Fire suppression system grid - Multiple fire suppression systems can be assigned to each occurrence (OccID) and/or specific aircraft (AcID). Each system will result in a separate entry in the database.",varchar,255
MDOTW_VW_OCCURRENCE_PUBLIC,TakeOffLandingTypeID_DisplayEng,Takeoff landing type  (English),"The type of takeoff and landing area associated with the occurrence, in English.",varchar,255
MDOTW_VW_OCCURRENCE_PUBLIC,TaxiwayID_DisplayEng,Taxiway  (English),"The designation of the taxiway involved in the occurrence, if relevant, in English.",varchar,255
MDOTW_VW_OCCURRENCE_PUBLIC,TemperatureEnum_DisplayEng,Temperature (English),"The unit of measure for the temperature, in English. Indicator: C=Celsius, F=Fahrenheit.",varchar,255
MDOTW_VW_OCCURRENCE_PUBLIC,TimeZoneID_DisplayEng,Time zone  (English),"The time zone used for reporting the time of occurrence, in English.",varchar,255
MDOTW_VW_OCCURRENCE_PUBLIC,ToLdgRelToSwellID_DisplayEng,Takeoff landing relative to swell  (English),"The orientation of takeoff or landing relative to swell, if relevant, in English.",varchar,255
MDOTW_VW_OCCURRENCE_PUBLIC,TouchdownCentrelineEnum_DisplayEng,Touchdown centreline (English),"The position of the aircraft touchdown location relative to the centreline, if relevant, in English.",varchar,255
MDOTW_VW_OCCURRENCE_PUBLIC,TouchdownThresholdEnum_DisplayEng,Touchdown threshold (English),"The position of the aircraft touchdown location relative to the runway threshold, if relevant, in English.",varchar,255
MDOTW_VW_AIRCRAFT_PUBLIC,TrafficAdvisoryTypeID_DisplayEng,Traffic advisory type  (English),"The type of traffic advisory issued at the time of the occurrence, in English.",varchar,255
MDOTW_VW_OCCURRENCE_PUBLIC,TsbInvolveID_DisplayEng,TSB involved  (English),"The level of involvement of the TSB in domestic and foreign occurrences, in English.",varchar,255
MDOTW_VW_SURVIVABILITY_PUBLIC,UlbID_DisplayEng,Underwater locator beacon  (English),"Indicates whether the underwater locator beacon was installed, operated, and/or relevant to the occurrence, in English.",varchar,255
MDOTW_VW_AIRCRAFT_PUBLIC,WakeTurbulenceCategoryID_DisplayEng,Wake turbulence category  (English),"The wake turbulence category of the occurrence aircraft, as defined by the Canadian Aviation Regulations, Standard 821 -Canadian Domestic Air Traffic Control Separation, in English.",varchar,255
MDOTW_VW_OCCURRENCE_PUBLIC,WaterSurfaceConditionID_DisplayEng,Water surface condition  (English),"The condition of the water surface, if relevant, in English.",varchar,255
MDOTW_VW_OCCURRENCE_PUBLIC,WaveHeightID_DisplayEng,Wave height  (English),"The height of the waves, if relevant, in English.",varchar,255
MDOTW_VW_OCCURRENCE_PUBLIC,WeatherPhenomenaDescID_DisplayEng,Weather phenomena description  (English),"A description of the weather phenomena at the time of the occurrence, in English.
Weather phenomena grid - Multiple weather phenomenas can be specified for each occurrence (OccID), each type and its associated description will appear as a separate entry.",varchar,255
MDOTW_VW_OCCURRENCE_PUBLIC,WeatherPhenomenaIntensityID_DisplayEng,Weather phenomena intensity  (English),"The intensity of the weather phenomena at the time of the occurrence, in English.
Weather phenomena grid - Multiple weather phenomenas can be specified for each occurrence (OccID), each type and its associated description will appear as a separate entry.",varchar,255
MDOTW_VW_OCCURRENCE_PUBLIC,WeatherPhenomenaTypeID_DisplayEng,Weather phenomena type  (English),"The type of weather phenomena at the time of the occurrence, in English.
Weather phenomena grid - Multiple weather phenomenas can be specified for each occurrence (OccID), each type and its associated description will appear as a separate entry.",varchar,255
MDOTW_VW_AIRCRAFT_PUBLIC,WeightCategoryID_DisplayEng,Weight category  (English),"The weight category of the occurrence aircraft, based on certificated maximum takeoff weight, in English.
",varchar,255
MDOTW_VW_AIRCRAFT_PUBLIC,WeightWithinLimitsEnum_DisplayEng,Weight within limits (English),"Indicates whether the actual aircraft weight was within limits at the time of the occurrence, in English. Indicator: Yes/No/Unknown",varchar,255
MDOTW_VW_AIRCRAFT_PUBLIC,ActualSepHorizontalEnum_DisplayFre,Actual separation horizontal (French),"The unit of measure for actual horizontal separation, in French.",varchar,255
MDOTW_VW_OCCURRENCE_PUBLIC,AerodromeOperatorID_DisplayFre,Aerodrome operator  (French),"The aerodrome operator type, in French.",varchar,255
MDOTW_VW_AIRCRAFT_PUBLIC,AircraftCommonNameID_DisplayFre,Aircraft common name  (French),"The aircraft common name (e.g., marketing designation), in French.",varchar,255
MDOTW_VW_AIRCRAFT_PUBLIC,AircraftMakeID_DisplayFre,Aircraft make  (French),"The aircraft make, in French.",varchar,255
MDOTW_VW_AIRCRAFT_PUBLIC,AircraftModelID_DisplayFre,Aircraft model  (French),"The aircraft model, in French.",varchar,255
MDOTW_VW_AIRCRAFT_PUBLIC,IndividualTypeID,Individual type identification number,A system-generated number for the purposes of database administration.,int,NULL
MDOTW_VW_OCCURRENCE_PUBLIC,AirportID_CountryID_DisplayFre,Airport country  (French),"The country in which the airport is located, in French.",varchar,255
MDOTW_VW_OCCURRENCE_PUBLIC,AirportID_ProvinceID_DisplayFre,Airport province  (French),"The province or the state in which the airport is located, in Canada or the United States respectively, in French. ",varchar,255
MDOTW_VW_AIRCRAFT_PUBLIC,AirWarningSystemID_DisplayFre,Air warning system  (French),"The type of airborne collision avoidance system activated, in French.",varchar,255
MDOTW_VW_OCCURRENCE_PUBLIC,ApproachRunwayID_DisplayFre,Approach runway  (French),"The approach runway designation, in French.",varchar,255
MDOTW_VW_OCCURRENCE_PUBLIC,ApproachTypeID_DisplayFre,Approach type  (French),"The approach type description, in French.",varchar,255
MDOTW_VW_OCCURRENCE_PUBLIC,AreaTypeDetailID_DisplayFre,Area type detail  (French),"The area type detail for the takeoff or landing off aerodrome, in French.",varchar,255
MDOTW_VW_OCCURRENCE_PUBLIC,ARFFCategoryID_DisplayFre,ARFF category  (French),"The aircraft rescue and firefighting (ARFF) category, in French.",varchar,255
MDOTW_VW_AIRCRAFT_PUBLIC,AtsServiceID_DisplayFre,ATS service  (French),"The air traffic service (ATS) provided in Canada or by an international equivalent, in French.",varchar,255
MDOTW_VW_AIRCRAFT_PUBLIC,AtsTypeID_DisplayFre,ATS type  (French),"The air traffic service (ATS) type description, in French.",varchar,255
MDOTW_VW_AIRCRAFT_PUBLIC,AtsUnitInvolvedEnum_DisplayFre,ATS unit involved (French),"Indicates whether an air traffic service (ATS) unit was involved, in French.",varchar,255
MDOTW_VW_AIRCRAFT_PUBLIC,CarsSubpartID_DisplayFre,CARs subpart  (French),"The Canadian Aviation Regulations (CARs) subpart under which the private or commercial operator is operating, in French.",varchar,255
MDOTW_VW_AIRCRAFT_PUBLIC,CofGWithinLimitsEnum_DisplayFre,Centre of gravity within limits enumerated display (French),"Indicates whether the centre of gravity is within limits, in French.",varchar,255
MDOTW_VW_AIRCRAFT_PUBLIC,CombustibleID_DisplayFre,Combustible  (French),"The combustible material description, in French.",varchar,255
MDOTW_VW_OCCURRENCE_PUBLIC,ControlStatusID_DisplayFre,Control status  (French),"The level of air traffic control description, in French.",varchar,255
MDOTW_VW_OCCURRENCE_PUBLIC,CountryID_DisplayFre,Country  (French),"The country of the occurrence, in French.",varchar,255
MDOTW_VW_AIRCRAFT_PUBLIC,DamageLevelID_DisplayFre,Damage level  (French),"The aircraft level of damage as defined by ICAO, in French.",varchar,255
MDOTW_VW_AIRCRAFT_PUBLIC,DangerousGoodEnum_DisplayFre,Dangerous goods (French),"Indicates whether there were dangerous goods on board the occurrence aircraft, if known, in French.",varchar,255
MDOTW_VW_OCCURRENCE_PUBLIC,DeployedEnum_DisplayFre,Deployed (French),"Indicates whether the TSB was deployed to the occurrence site, in French.",varchar,255
MDOTW_VW_OCCURRENCE_PUBLIC,DistanceEnumFre,Distance (French),"The unit of measurement for distance, in French: feet, meters, or nautical miles.",varchar,255
MDOTW_VW_SURVIVABILITY_PUBLIC,ELTInstalledEnum_DisplayFre,ELT installed (French),"Indicates whether an emergency locator transmitter (ELT) was installed on the occurrence aircraft, if known, in French.",varchar,255
MDOTW_VW_SURVIVABILITY_PUBLIC,ELTSignalReceivedEnum_DisplayFre,ELT signal received (French),"Indicates whether an ELT signal was received, if known, in French.",varchar,255
MDOTW_VW_SURVIVABILITY_PUBLIC,ELTStatusID_DisplayFre,ELT status  (French),"A description of the ELT status, in French.",varchar,255
MDOTW_VW_AIRCRAFT_PUBLIC,EngineMakeID_DisplayFre,Engine make  (French),"A description of the engine make, in French.",varchar,255
MDOTW_VW_AIRCRAFT_PUBLIC,EngineModelID_DisplayFre,Engine model  (French),"A description of the engine model, in French.",varchar,255
MDOTW_VW_AIRCRAFT_PUBLIC,EngineTypeID_DisplayFre,Engine type  (French),"A description of the engine type, in French",varchar,255
MDOTW_VW_SURVIVABILITY_PUBLIC,EquipEffReasonID_DisplayFre,Equipment effectiveness reason  (French),"The reason for survival equipment effectiveness, in French.",varchar,255
MDOTW_VW_SURVIVABILITY_PUBLIC,EvacEgressIssueEnum_DisplayFre,Evacuation egress issues (French),"Indicates whether there were evacuation egress issues, if known, in French.",varchar,255
MDOTW_VW_SURVIVABILITY_PUBLIC,EvacHamperedID_DisplayFre,Evacuation hampered  (French),"The reason(s) why the evacuation was hampered, if applicable, in French.",varchar,255
MDOTW_VW_AIRCRAFT_PUBLIC,EvasiveActionByATSEnum_DisplayFre,Evasive action by ATS (French),"Indicates whether evasive action was instructed by the air traffic service (ATS), if known, in French.",varchar,255
MDOTW_VW_AIRCRAFT_PUBLIC,EvasiveActionByPilotEnum_DisplayFre,Evasive action by pilot (French),"Indicates whether evasive action was taken by the pilot, if known, in French.",varchar,255
MDOTW_VW_EVENTS_AND_PHASES_PUBLIC,EventID_DisplayFre,Event  (French),"A description of the event, in French.",varchar,255
MDOTW_VW_AIRCRAFT_PUBLIC,ExtinguishingAgentID_DisplayFre,Extinguishing agent  (French),"A description of the extinguishing agent type, in French.",varchar,255
MDOTW_VW_OCCURRENCE_PUBLIC,FinalCentrelineEnum_DisplayFre,Final centreline (French),"For land takeoff or landing, the reference of the final aircraft location relative to the centreline, in French.",varchar,255
MDOTW_VW_OCCURRENCE_PUBLIC,FinalPositionEnum_DisplayFre,Final position (French),"A description of the final position, in French.",varchar,255
MDOTW_VW_OCCURRENCE_PUBLIC,FinalPositionID_DisplayFre,Final position  (French),"For water takeoff or landing, the final aircraft position, in French.",varchar,255
MDOTW_VW_OCCURRENCE_PUBLIC,FinalThresholdEnum_DisplayFre,Final threshold (French),"For land takeoff or landing, the reference of the final aircraft location relative to the runway threshold, in French.",varchar,255
MDOTW_VW_AIRCRAFT_PUBLIC,FireIgnitionSourceID_DisplayFre,Fire ignition source  (French),"A description of the fire ignition source, in French.",varchar,255
MDOTW_VW_AIRCRAFT_PUBLIC,FireSuppressionTypeID_DisplayFre,Fire suppression type  (French),"A description of the fire suppression type, in French.",varchar,255
MDOTW_VW_AIRCRAFT_PUBLIC,FireWarningAvailableEnum_DisplayFre,Fire warning available (French),"Indicates whether a fire warning was available, if know, in French.",varchar,255
MDOTW_VW_AIRCRAFT_PUBLIC,FireWarningEnum_DisplayFre,Fire warning (French),"Indicates whether the fire warning was triggered, if available, and if known, in French.",varchar,255
MDOTW_VW_SURVIVABILITY_PUBLIC,FlightFollowingSystemID_DisplayFre,Flight following system  (French),"Indicates whether a flight following system (a type of onboard aircraft position tracking system) was installed, and whether it provided any assistance to locating the aircraft (French)",varchar,255
MDOTW_VW_AIRCRAFT_PUBLIC,FlightPhaseID_DisplayFre,Flight phase (French),"The flight phase when fire or smoke is initiated, in French.",varchar,255
MDOTW_VW_AIRCRAFT_PUBLIC,FlightPlanTypeID_DisplayFre,Flight plan type  (French),"The type of flight plan, in French.",varchar,255
MDOTW_VW_OCCURRENCE_PUBLIC,FullProcedureIND_DisplayFre,Full procedure indicator display (French),"Indicates whether full instrument approach procedures were used, in French.",varchar,255
MDOTW_VW_OCCURRENCE_PUBLIC,GeneralWeatherID_DisplayFre,General weather  (French),"Indicates whether the known weather conditions were conducive to visual or instrument flight rules, in French.",varchar,255
MDOTW_VW_OCCURRENCE_PUBLIC,GeneralWeatherID_DisplayFre,General weather  (French),"The general weather conditions, in French.",varchar,255
MDOTW_VW_AIRCRAFT_PUBLIC,GroundWarningSystemID_DisplayFre,Ground warning system  (French),"A description of the ground-based collision warning system activated in the occurrence, in French.",varchar,255
MDOTW_VW_OCCURRENCE_PUBLIC,HelicopterTakeOffLandingSiteID_DisplayFre,Helicopter takeoff/landing site  (French),"A description of the helicopter takeoff/landing site surface, in French.",varchar,255
MDOTW_VW_OCCURRENCE_PUBLIC,ICAO_DisplayFre,ICAO (French),"The International Civil Aviation Organization (ICAO) occurrence category, in French.
Multiple entries of may be assigned per occurrence. In that case, multiple entries of the occurrence will be generated, with the category being different for each instance of the same occurrence.",varchar,255
MDOTW_VW_OCCURRENCE_PUBLIC,InflightIcingCondEnum_DisplayFre,In-flight icing conditions (French),"Indicates whether in-flight icing conditions existed, if known, in French.",varchar,255
MDOTW_VW_AIRCRAFT_PUBLIC,InitialLocationID_DisplayFre,Initial location  (French),"The initial location where the fire or smoke occurred, in French.",varchar,255
MDOTW_VW_OCCURRENCE_PUBLIC,InitialPositionEnum_DisplayFre,Initial position (French),"The initial position, in French.",varchar,255
MDOTW_VW_OCCURRENCE_PUBLIC,InitialPositionID_DisplayFre,Initial position  (French),"For water landing, the initial aircraft touchdown position, in French.",varchar,255
MDOTW_VW_OCCURRENCE_PUBLIC,InjuriesEnum_DisplayFre,Injuries (French),"Indicates whether there were any injuries related to the occurrence, including ground injuries, in French.",varchar,255
MDOTW_VW_INJURIES_PUBLIC,InjuryCategoryID_DisplayFre,Injury category  (French),"A description of the injury category (équipage/passagers/au sol), in French.
Note: Injury count for équipage/passagers/au sol are stored in separate entries.",varchar,255
MDOTW_VW_AIRCRAFT_PUBLIC,KitManualBuilderID_DisplayFre,Kit manual builder  (French),"For amateur-built aircraft, the entity that built the aircraft, in French.",varchar,255
MDOTW_VW_AIRCRAFT_PUBLIC,KitManualModelID_DisplayFre,Kit manual model  (French),"The kit manual model for aircraft that is identified as amateur-built, in French.",varchar,255
MDOTW_VW_AIRCRAFT_PUBLIC,LandingGearID_DisplayFre,Landing gear  (French),"The type of landing gear on the aircraft, in French.",varchar,255
MDOTW_VW_OCCURRENCE_PUBLIC,LatEnum_DisplayFre,Latitude (French),"The latitude hemisphere (N/S), in French.",varchar,255
MDOTW_VW_OCCURRENCE_PUBLIC,LightCondID_DisplayFre,Light conditions  (French),"A description of the light conditions, in French.",varchar,255
MDOTW_VW_OCCURRENCE_PUBLIC,LongEnum_DisplayFre,Longitude (French),"The longitude hemisphere relative to the prime meridian (E/O), in French.",varchar,255
MDOTW_VW_OCCURRENCE_PUBLIC,ManeuverToFinalID_DisplayFre,Manœuvre to final (French),"A description of the manœuvre to final, in French.",varchar,255
MDOTW_VW_OCCURRENCE_PUBLIC,OccClassID_DisplayFre,Occurrence classification  (French),"The classification of the occurrence in accordance with the TSB Policy on Occurrence Classification, in French. Note: The policy changed on 01 May 2018, and occurrences are classified in accordance with their contemporary policy.",varchar,255
MDOTW_VW_OCCURRENCE_PUBLIC,OccIncidentTypeID_DisplayFre,Occurrence incident type  (French),"If the occurrence is a reportable incident, the type of incident as defined in the Transportation Safety Board Regulations, Part 1, Subparagraph 2(1)(b), in French.",varchar,255
MDOTW_VW_OCCURRENCE_PUBLIC,Location,Location,The location of the occurrence,varchar,255
MDOTW_VW_OCCURRENCE_PUBLIC,OccTypeID_DisplayFre,Occurrence type  (French),"A description of the occurrence type (accident/inc. décl. obligatoire), in French.",varchar,255
MDOTW_VW_OCCURRENCE_PUBLIC,OceanID_DisplayFre,Ocean  (French),"The name of the ocean if the occurrence is over an ocean, in French.",varchar,255
MDOTW_VW_OCCURRENCE_PUBLIC,OccID,Occurrence identification number,A system-generated number for the purposes of database administration.,int,NULL
MDOTW_VW_AIRCRAFT_PUBLIC,OperationTypeID_DisplayFre,Operation type  (French),"The type of operation performed at the time of the occurrence, in French.",varchar,255
MDOTW_VW_AIRCRAFT_PUBLIC,OperatorTypeID_DisplayFre,Operator type  (French),"The type of operator (privé, commercial, d’État) involved in the occurrence, in French.",varchar,255
MDOTW_VW_AIRCRAFT_PUBLIC,OrganizationID_DisplayFre,Organization  (French),"The name of the organization (if the operator is an organization), in French.",varchar,255
MDOTW_VW_AIRCRAFT_PUBLIC,OtherAircraftSightedEnum_DisplayFre,Other aircraft sighted (French),"Indicates whether the other aircraft was sighted by the specific aircraft involved (Oui/Non/Mauvais aéronef), in French.",varchar,255
MDOTW_VW_OCCURRENCE_PUBLIC,PadID_DisplayFre,Pad  (French),"The location of the helipad on the aerodrome (for helicopter takeoff or landing from land or aerodrome), in French.",varchar,255
MDOTW_VW_EVENTS_AND_PHASES_PUBLIC,PhaseID_DisplayFre,Phase  (French),"The phase of the flight, in French.
Note: Multiple phases can be assigned to each occurrence (OccID) or specific aircraft (AcID) and each will have an associated EventID.",varchar,255
MDOTW_VW_AIRCRAFT_PUBLIC,PopOutFloatsEnum_DisplayFre,Pop out floats (French),"Indicates whether the aircraft is equipped with pop out floats (Oui/Non/Inconnu), in French.",varchar,255
MDOTW_VW_OCCURRENCE_PUBLIC,PositionTypeEnum_DisplayFre,Position type (French),"The encoding system format used for filling the latitude and longitude fields for the occurrence location, in French.",varchar,255
MDOTW_VW_AIRCRAFT_PUBLIC,PropellerMakeID_DisplayFre,Propeller make  (French),"The make of the malfunctioning propeller, in French.
Note: Each malfunctioning propeller will result in a separate entry.",varchar,255
MDOTW_VW_AIRCRAFT_PUBLIC,PropellerModelID_DisplayFre,Propeller model  (French),"The model of the malfunctioning propeller, in French.
Propeller grid - Multiple propeller entries per occurrence (OccID) and/or specific aircraft (AcID) possible. Each malfunctioning propeller will result in a separate entry.",varchar,255
MDOTW_VW_AIRCRAFT_PUBLIC,PropellerTypeID_DisplayFre,Propeller type  (French),"The type of the malfunctioning propeller, in French.
Propeller grid - Multiple propeller entries per occurrence (OccID) and/or specific aircraft (AcID) possible. Each malfunctioning propeller will result in a separate entry.",varchar,255
MDOTW_VW_OCCURRENCE_PUBLIC,ProvinceID_DisplayFre,Province  (French),"The province (Canada) or state (United States) of the occurrence, in French.",varchar,255
MDOTW_VW_AIRCRAFT_PUBLIC,RegCountryID_DisplayFre,Registration country  (French),"The country of registration of the occurrence aircraft, in French.",varchar,255
MDOTW_VW_OCCURRENCE_PUBLIC,ReportedByID_DisplayFre,Reported by  (French),"The name of the organization or entity that reported the occurrence, in French.",varchar,255
MDOTW_VW_AIRCRAFT_PUBLIC,ReqSepHorizontalEnum_DisplayFre,Required separation horizontal (French),"The unit of measure for the required horizontal separation of the aircraft, in French.",varchar,255
MDOTW_VW_OCCURRENCE_PUBLIC,ResaSurfaceTypeID_DisplayFre,RESA surface type  (French),"The type of surface of the runway end safety area (RESA) for takeoff and landing from land or aerodrome, in French.",varchar,255
MDOTW_VW_OCCURRENCE_PUBLIC,RespRegionID_DisplayFre,Responsible region  (French),"The regional office responsible for investigating the occurrence (may not be the same as the region of occurrence), in French.",varchar,255
MDOTW_VW_AIRCRAFT_PUBLIC,RotorLocationID_DisplayFre,Rotor location  (English),"The location of the rotor, in French.
Note 1: Each malfunctioning rotor will result in a separate entry. Note 2: The rotor location definition is dependent on rotor system. If the rotor system is ""mono"", the field is empty.",varchar,255
MDOTW_VW_AIRCRAFT_PUBLIC,RotorMakeID_DisplayFre,Rotor make  (French),"The make of the malfunctioning rotor, in French.
Rotor grid - Multiple rotor entries per occurrence (OccID) and/or specific aircraft (AcID) possible. Each malfunctioning rotor will result in a separate entry.",varchar,255
MDOTW_VW_AIRCRAFT_PUBLIC,RotorModelID_DisplayFre,Rotor model  (French),"The model of the malfunctioning rotor, in French.
Note: Each malfunctioning rotor will result in a separate entry.",varchar,255
MDOTW_VW_AIRCRAFT_PUBLIC,RotorSystemID_DisplayFre,Rotor system  (French),"The type of rotor system on the occurrence aircraft (mono/tandem/bi/coaxial/autre), in French.
Note: Each malfunctioning rotor will result in a separate entry.",varchar,255
MDOTW_VW_OCCURRENCE_PUBLIC,RunwayID_DisplayFre,Runway  (French),"The designation of the runway for land takeoff or landing from aerodrome, in French.",varchar,255
MDOTW_VW_OCCURRENCE_PUBLIC,RunwaySlopeID_DisplayFre,Runway slope  (French),"The slope of the runway involved in the occurrence, in French.",varchar,255
MDOTW_VW_OCCURRENCE_PUBLIC,RunwaySurfaceID_DisplayFre,Runway surface  (French),"The texture of the surface of the runway involved in the occurrence, in French.",varchar,255
MDOTW_VW_OCCURRENCE_PUBLIC,RunwaySurfaceTypeID_DisplayFre,Runway surface type  (French),"The type of surface of the runway involved in the occurrence, in French.",varchar,255
MDOTW_VW_OCCURRENCE_PUBLIC,RVRUnlimitedIND_DisplayFre,RVR unlimited indicator (French),"Indicates whether the runway visual range (RVR) is unlimited, in French. Indicator: Oui/Non",varchar,255
MDOTW_VW_OCCURRENCE_PUBLIC,SafetyCommIssuedEnum_DisplayFre,Safety communication issued (French),"Indicates whether a TSB safety communication was issued, in French. Indicator: Oui/Non. NOTE: this field has not been updated for accuracy.",varchar,255
MDOTW_VW_OCCURRENCE_PUBLIC,SeriousIncidentEnum_DisplayFre,Serious incident (French),"Indicates whether the occurrence was a serious incident as defined by ICAO in Annex 13, in French. Indicator: Oui/Non. ",varchar,255
MDOTW_VW_OCCURRENCE_PUBLIC,SkyCondID_DisplayFre,Sky conditions  (French),"The sky conditions at the time of the occurrence, in French.",varchar,255
MDOTW_VW_AIRCRAFT_PUBLIC,StateOperatorID_DisplayFre,State operator  (French),"The type of state operator, if relevant, in French.",varchar,255
MDOTW_VW_OCCURRENCE_PUBLIC,SurfaceContaminationID_DisplayFre,Surface contamination  (French),"The type of surface contamination, if relevant, in French.
Note: Each description will result in a separate entry.",varchar,255
MDOTW_VW_SURVIVABILITY_PUBLIC,SurvEquiID_DisplayFre,Survival equipment  (French),"The survival equipment available on the occurrence aircraft, if relevant, in French.
Equipment grid - Multiple survival equipments can be assigned to an occurrence (OccID). Each equipment will result in a separate entry.",varchar,255
MDOTW_VW_SURVIVABILITY_PUBLIC,SurvivableEnum_DisplayFre,Survivable enumerated display (French),"Indicates whether the occurrence was survivable (for occurrences involving an impact), in French. Indicator: Oui/Non/Inconnue.",varchar,255
MDOTW_VW_OCCURRENCE_PUBLIC,SwCrosswindEnum_DisplayFre,Surface wind crosswind (French),"Indicates whether the crosswind component of the surface wind blowed from the left or the right at the time of the occurrence, in French. Indicator: Gauche/Droite.",varchar,255
MDOTW_VW_OCCURRENCE_PUBLIC,SwDirectionEnum_DisplayFre,Surface wind direction (French),"Indicates whether the heading for the surface wind direction at the time of the occurrence is magnetic or true, in French.",varchar,255
MDOTW_VW_OCCURRENCE_PUBLIC,SwVariableDirIND_DisplayFre,Surface wind variable direction indicator (French),"Indicates whether the direction of the surface wind was variable at the time of the occurrence, in French. Indicator: Oui/Non.",varchar,255
MDOTW_VW_AIRCRAFT_PUBLIC,SystemEffectiveEnum_DisplayFre,System effective (French),"Indicates whether the fire suppression system was effective, in French. Indicator: Oui/Partiel/Non/Inconnue
Fire suppression system grid - Multiple fire suppression systems can be assigned to each occurrence (OccID) and/or specific aircraft (AcID). Each system will result in a separate entry in the database.",varchar,255
MDOTW_VW_OCCURRENCE_PUBLIC,TakeOffLandingTypeID_DisplayFre,Takeoff landing type  (French),"The type of takeoff and landing area associated with the occurrence, in French.",varchar,255
MDOTW_VW_OCCURRENCE_PUBLIC,TaxiwayID_DisplayFre,Taxiway  (French),"The designation of the taxiway involved in the occurrence, if relevant, in French.",varchar,255
MDOTW_VW_OCCURRENCE_PUBLIC,TemperatureEnum_DisplayFre,Temperature (French),"The unit of measure for the temperature, in French. Indicator: C=Celsius, F=Fahrenheit.",varchar,255
MDOTW_VW_OCCURRENCE_PUBLIC,TimeZoneID_DisplayFre,Time zone  (French),"The time zone used for reporting the time of occurrence, in French.",varchar,255
MDOTW_VW_OCCURRENCE_PUBLIC,ToLdgRelToSwellID_DisplayFre,Takeoff landing relative to swell  (French),"The orientation of takeoff or landing relative to swell, if relevant, in French.",varchar,255
MDOTW_VW_OCCURRENCE_PUBLIC,TouchdownCentrelineEnum_DisplayFre,Touchdown centreline (French),"The position of the aircraft touchdown location relative to the centreline, if relevant, in French.",varchar,255
MDOTW_VW_OCCURRENCE_PUBLIC,TouchdownThresholdEnum_DisplayFre,Touchdown threshold (French),"The position of the aircraft touchdown location relative to the runway threshold, if relevant, in French.",varchar,255
MDOTW_VW_AIRCRAFT_PUBLIC,TrafficAdvisoryTypeID_DisplayFre,Traffic advisory type  (French),"The type of traffic advisory issued at the time of the occurrence, in French.",varchar,255
MDOTW_VW_OCCURRENCE_PUBLIC,TsbInvolveID_DisplayFre,TSB involved  (French),"The level of involvement of the TSB in domestic and foreign occurrences, in French.",varchar,255
MDOTW_VW_SURVIVABILITY_PUBLIC,UlbID_DisplayFre,Underwater locator beacon  (French),"Indicates whether the underwater locator beacon was installed, operated, and/or relevant to the occurrence, in French.",varchar,255
MDOTW_VW_AIRCRAFT_PUBLIC,WakeTurbulenceCategoryID_DisplayFre,Wake turbulence category  (French),"The wake turbulence category of the occurrence aircraft, as defined by the Canadian Aviation Regulations, Standard 821 -Canadian Domestic Air Traffic Control Separation, in French.",varchar,255
MDOTW_VW_OCCURRENCE_PUBLIC,WaterSurfaceConditionID_DisplayFre,Water surface condition  (French),"The condition of the water surface, if relevant, in French.",varchar,255
MDOTW_VW_OCCURRENCE_PUBLIC,WaveHeightID_DisplayFre,Wave height  (French),"The height of the waves, if relevant, in French.",varchar,255
MDOTW_VW_OCCURRENCE_PUBLIC,WeatherPhenomenaDescID_DisplayFre,Weather phenomena description  (French),"A description of the weather phenomena at the time of the occurrence, in French.
Weather phenomena grid - Multiple weather phenomenas can be specified for each occurrence (OccID), each type and its associated description will appear as a separate entry.",varchar,255
MDOTW_VW_OCCURRENCE_PUBLIC,WeatherPhenomenaIntensityID_DisplayFre,Weather phenomena intensity  (French),"The intensity of the weather phenomena at the time of the occurrence, in French.
Weather phenomena grid - Multiple weather phenomenas can be specified for each occurrence (OccID), each type and its associated description will appear as a separate entry.",varchar,255
MDOTW_VW_OCCURRENCE_PUBLIC,WeatherPhenomenaTypeID_DisplayFre,Weather phenomena type  (French),"The type of weather phenomena at the time of the occurrence, in French.
Weather phenomena grid - Multiple weather phenomenas can be specified for each occurrence (OccID), each type and its associated description will appear as a separate entry.",varchar,255
MDOTW_VW_AIRCRAFT_PUBLIC,WeightCategoryID_DisplayFre,Weight category  (French),"The weight category of the occurrence aircraft, based on certificated maximum takeoff weight, in French.",varchar,255
MDOTW_VW_AIRCRAFT_PUBLIC,WeightWithinLimitsEnum_DisplayFre,Weight within limits (French),"Indicates whether the actual aircraft weight was within limits at the time of the occurrence, in French. Indicator: Oui/Non/Inconnue",varchar,255
MDOTW_VW_OCCURRENCE_PUBLIC,Distance,Distance,The distance between the referenced location and the occurrence location.,numeric,NULL
MDOTW_VW_OCCURRENCE_PUBLIC,DistanceEnum,Distance enumerated,A system-generated number for the purposes of database administration.,int,NULL
MDOTW_VW_OCCURRENCE_PUBLIC,Elevation,Elevation,"The aerodrome elevation, in feet.",numeric,NULL
MDOTW_VW_SURVIVABILITY_PUBLIC,ELTInstalledEnum,ELT installed enumerated,A system-generated number for the purposes of database administration.,int,NULL
MDOTW_VW_SURVIVABILITY_PUBLIC,ELTSignalReceivedEnum,ELT signal received enumerated,A system-generated number for the purposes of database administration.,int,NULL
MDOTW_VW_SURVIVABILITY_PUBLIC,ELTStatusID,ELT status identification number,A system-generated number for the purposes of database administration.,int,NULL
MDOTW_VW_AIRCRAFT_PUBLIC,EngineMakeID,Engine make identification number,A system-generated number for the purposes of database administration.,int,NULL
MDOTW_VW_AIRCRAFT_PUBLIC,EngineModelID,Engine model identification number,A system-generated number for the purposes of database administration.,int,NULL
MDOTW_VW_AIRCRAFT_PUBLIC,EnginePosition,Engine position,The numeric position of the engine on the aircraft.,int,NULL
MDOTW_VW_AIRCRAFT_PUBLIC,EngineTypeID,Engine type identification number,A system-generated number for the purposes of database administration.,int,NULL
MDOTW_VW_SURVIVABILITY_PUBLIC,EquipEffectiveEnum,Equipment effective enumerated,A system-generated number for the purposes of database administration.,int,NULL
MDOTW_VW_SURVIVABILITY_PUBLIC,EquipEffReasonID,Equipment effectiveness reason identification number,A system-generated number for the purposes of database administration.,int,NULL
MDOTW_VW_SURVIVABILITY_PUBLIC,EquipInfluenceEnum,Equipment influence enumerated,A system-generated number for the purposes of database administration.,int,NULL
MDOTW_VW_SURVIVABILITY_PUBLIC,EvacEgressIssueEnum,Evacuation egress issues enumerated,A system-generated number for the purposes of database administration.,int,NULL
MDOTW_VW_SURVIVABILITY_PUBLIC,EvacHamperedID,Evacuation hampered identification number,A system-generated number for the purposes of database administration.,int,NULL
MDOTW_VW_AIRCRAFT_PUBLIC,EvasiveActionByATSEnum,Evasive action by ATS enumerated,A system-generated number for the purposes of database administration.,int,NULL
MDOTW_VW_AIRCRAFT_PUBLIC,EvasiveActionByPilotEnum,Evasive action by pilot enumerated,A system-generated number for the purposes of database administration.,int,NULL
MDOTW_VW_EVENTS_AND_PHASES_PUBLIC,EventID,Event identification number,A system-generated number for the purposes of database administration.,int,NULL
MDOTW_VW_EVENTS_AND_PHASES_PUBLIC,EventPhaseSequence,Event phase sequence,"The ordinal value of the specific event in the sequence of events for the associated occurrence. Each event and phase combination will appear as a separate entry.
Note: Events are in the correct ordinal value, but may not be serial. A gap in the sequence number does not indicate a missing event in the database.",int,NULL
MDOTW_VW_AIRCRAFT_PUBLIC,ExtinguishingAgentID,Extinguishing agent identification number,A system-generated number for the purposes of database administration.,int,NULL
MDOTW_VW_INJURIES_PUBLIC,FatalCount,Fatal count,The number of fatalities for the associated occurrence/occurrence aircraft.,int,NULL
MDOTW_VW_OCCURRENCE_PUBLIC,TotalFatalCount,Total fatalities count,The total number of fatalities (includes any ground fatalities).,int,NULL
MDOTW_VW_OCCURRENCE_PUBLIC,FinalCentreline,Final centreline,"The distance between the final aircraft location and the runway centreline, in feet.",numeric,NULL
MDOTW_VW_OCCURRENCE_PUBLIC,FinalCentrelineEnum,Final centreline enumerated,A system-generated number for the purposes of database administration.,int,NULL
MDOTW_VW_OCCURRENCE_PUBLIC,FinalPositionEnum,Final position enumerated,A system-generated number for the purposes of database administration.,int,NULL
MDOTW_VW_OCCURRENCE_PUBLIC,FinalPositionID,Final position identification number,A system-generated number for the purposes of database administration.,int,NULL
MDOTW_VW_OCCURRENCE_PUBLIC,FinalThreshold,Final threshold,"For land takeoff for landing, the distance between the final aircraft location and the runway threshold, in feet.",numeric,NULL
MDOTW_VW_OCCURRENCE_PUBLIC,FinalThresholdEnum,Final threshold enumerated,A system-generated number for the purposes of database administration.,int,NULL
MDOTW_VW_AIRCRAFT_PUBLIC,FireIgnitionSourceID,Fire ignition source identification number,A system-generated number for the purposes of database administration.,int,NULL
MDOTW_VW_AIRCRAFT_PUBLIC,FireSuppressionTypeID,Fire suppression type identification number,A system-generated number for the purposes of database administration.,int,NULL
MDOTW_VW_AIRCRAFT_PUBLIC,FireWarningAvailableEnum,Fire warning available enumerated,A system-generated number for the purposes of database administration.,int,NULL
MDOTW_VW_AIRCRAFT_PUBLIC,FireWarningEnum,Fire warning enumerated,A system-generated number for the purposes of database administration.,int,NULL
MDOTW_VW_OCCURRENCE_PUBLIC,IIC_FirstName,IIC first name,The first name of the investigator in charge (IIC).,varchar,255
MDOTW_VW_SURVIVABILITY_PUBLIC,FlightFollowingSystemID,Flight following system identification number,A system-generated number for the purposes of database administration.,int,NULL
MDOTW_VW_OCCURRENCE_PUBLIC,OccNo,Occurrence number,The unique occurrence number for general reference.,varchar,8
MDOTW_VW_AIRCRAFT_PUBLIC,FlightNo,Flight number,The flight number.,varchar,255
MDOTW_VW_AIRCRAFT_PUBLIC,FlightPhaseID,Flight phase identification number,A system-generated number for the purposes of database administration.,int,NULL
MDOTW_VW_AIRCRAFT_PUBLIC,FlightPlanTypeID,Flight plan type identification number,A system-generated number for the purposes of database administration.,int,NULL
MDOTW_VW_EVENTS_AND_PHASES_PUBLIC,FullEventDescEng,Full event description (English),"An algorithm-generated text string describing the full event, in English.",varchar,-1
MDOTW_VW_EVENTS_AND_PHASES_PUBLIC,FullEventDescFre,Full event description (French),"An algorithm-generated text string describing the full event, in French.",varchar,-1
MDOTW_VW_EVENTS_AND_PHASES_PUBLIC,FullPhaseDescEng,Full phase description (English),"An algorithm-generated text string describing the phase in detail, in English.",varchar,-1
MDOTW_VW_EVENTS_AND_PHASES_PUBLIC,FullPhaseDescFre,Full phase description (French),"An algorithm-generated text string describing the phase in detail, in French.",varchar,-1
MDOTW_VW_OCCURRENCE_PUBLIC,FullProcedureIND,Full procedure indicator,Indicates whether a full instrument approach procedure was used (if published).,smallint,NULL
MDOTW_VW_OCCURRENCE_PUBLIC,GeneralWeatherID,General weather identification number,A system-generated number for the purposes of database administration.,int,NULL
MDOTW_VW_AIRCRAFT_PUBLIC,GroundWarningSystemID,Ground warning system identification number,A system-generated number for the purposes of database administration.,int,NULL
MDOTW_VW_OCCURRENCE_PUBLIC,HelicopterTakeOffLandingSiteID,Helicopter takeoff/landing site identification number,Table Index Value for Helicopter Take Off/Landing Site Surface Description,int,NULL
MDOTW_VW_OCCURRENCE_PUBLIC,BearingID_Highest,Bearing identification number highest,The upper degree limit for a bearing of a given bearing compass direction.,numeric,NULL
MDOTW_VW_OCCURRENCE_PUBLIC,ICAO,ICAO,The International Civil Aviation Organization (ICAO) 4-letter airport code.,char,4
MDOTW_VW_OCCURRENCE_PUBLIC,ICAOCategoryID,ICAO category identification number,A system-generated number for the purposes of database administration.,int,NULL
MDOTW_VW_AIRCRAFT_PUBLIC,IdentityUnknownIND,Identity unknown indicator,Indicates whether the identity of the aircraft is unknown (1 = yes).,smallint,NULL
MDOTW_VW_OCCURRENCE_PUBLIC,IIC_IndividualID,IIC individual identification number,A system-generated number for the purposes of database administration.,int,NULL
MDOTW_VW_OCCURRENCE_PUBLIC,InflightIcingCondEnum,In-flight icing conditions enumerated,A system-generated number for the purposes of database administration.,int,NULL
MDOTW_VW_AIRCRAFT_PUBLIC,InitialLocationID,Initial location identification number,A system-generated number for the purposes of database administration.,int,NULL
MDOTW_VW_OCCURRENCE_PUBLIC,InitialPositionEnum,Initial position enumerated,A system-generated number for the purposes of database administration.,int,NULL
MDOTW_VW_OCCURRENCE_PUBLIC,InitialPositionID,Initial position identification number,A system-generated number for the purposes of database administration.,int,NULL
MDOTW_VW_OCCURRENCE_PUBLIC,InitTSBNotifDate,Initial TSB notification date,The contact information for the agency that initially reported the occurrence.,datetime2,NULL
MDOTW_VW_OCCURRENCE_PUBLIC,InjuriesEnum,Injuries enumerated,A system-generated number for the purposes of database administration.,int,NULL
MDOTW_VW_INJURIES_PUBLIC,InjuryCategoryID,Injury category identification number,A system-generated number for the purposes of database administration.,int,NULL
MDOTW_VW_AIRCRAFT_PUBLIC,KitManualBuilderID,Kit manual builder identification number,A system-generated number for the purposes of database administration.,int,NULL
MDOTW_VW_AIRCRAFT_PUBLIC,KitManualModelID,Kit manual model identification number,A system-generated number for the purposes of database administration.,int,NULL
MDOTW_VW_AIRCRAFT_PUBLIC,LandingGearID,Landing  gear identification number,A system-generated number for the purposes of database administration.,int,NULL
MDOTW_VW_OCCURRENCE_PUBLIC,IIC_LastName,IIC last name,The last name of the investigator in charge (IIC).,varchar,255
MDOTW_VW_OCCURRENCE_PUBLIC,IIC_FullName,IIC full name,The full name of the investigator in charge (IIC).,,
MDOTW_VW_OCCURRENCE_PUBLIC,LatEnum,Latitude enumerated,A system-generated number for the purposes of database administration.,int,NULL
MDOTW_VW_OCCURRENCE_PUBLIC,Latitude,Latitude,Latitude of the occurrence or airport location,varchar,255
MDOTW_VW_OCCURRENCE_PUBLIC,LightCondID,Light conditions identification number,A system-generated number for the purposes of database administration.,int,NULL
MDOTW_VW_OCCURRENCE_PUBLIC,LandingTakeOffLocation,Landing/takeoff location,The International Civil Aviation Organization (ICAO) airport/aerodrome abreviations identifying the geographic location for the occurrence landing/takeoff.,varchar,255
MDOTW_VW_OCCURRENCE_PUBLIC,LocationDescription,Location description,"The location of the occurrence, if not at the airport. Generated text based on reference airport, distance, and bearing compass direction.",varchar,255
MDOTW_VW_OCCURRENCE_PUBLIC,LongEnum,Longitude enumerated,A system-generated number for the purposes of database administration.,int,NULL
MDOTW_VW_OCCURRENCE_PUBLIC,Longitude,Longitude,Longitude of the occurrence or airport location,varchar,255
MDOTW_VW_OCCURRENCE_PUBLIC,BearingID_Lowest,Bearing identification number lowest,The lowest degree limit for a bearing of a given bearing compass direction.,numeric,NULL
MDOTW_VW_OCCURRENCE_PUBLIC,ManeuverToFinalID,Manœuver to final identification number,A system-generated number for the purposes of database administration.,int,NULL
MDOTW_VW_AIRCRAFT_PUBLIC,MaxTakeOffWeight,Maximum takeoff weight,"The maximum takeoff weight of aircraft, in kilograms. Note: The weight may be entered in a different unit of measurement for occurrences prior to 2016.",decimal,NULL
MDOTW_VW_AIRCRAFT_PUBLIC,WakeTurbulenceCategoryID_MaxWeight,Wake turbulence category identification number maximum weight,"The upper limit of the aircraft maximum takeoff weight (in kg) for the selected wake turbulence category, as defined in Canadian Aviation Regulations, Standard 821.",int,NULL
MDOTW_VW_AIRCRAFT_PUBLIC,WeightCategoryID_DisplayFre,Weight category  (French),"The maximum weight category (the defined uppermost weight limit in the range for the category, in kg).",int,NULL
MDOTW_VW_OCCURRENCE_PUBLIC,BearingID_Middle,Bearing identification number middle,The bearing degree for the middle bearing of a given bearing compass direction.,numeric,NULL
MDOTW_VW_INJURIES_PUBLIC,MinorCount,Minor count,The number of minor injuries for associated occurrence/occurrence aircraft.,int,NULL
MDOTW_VW_OCCURRENCE_PUBLIC,TotalMinorCount,Total minor count,The total number of minor injuries (includes any ground injuries).,int,NULL
MDOTW_VW_AIRCRAFT_PUBLIC,WakeTurbulenceCategoryID_MinWeight,Wake turbulence category identification number minimum weight,"The lower limit of the aircraft maximum takeoff weight for the selected wake turbulence category as defined in Canadian Aviation Regulations, Standard 821.",int,NULL
MDOTW_VW_AIRCRAFT_PUBLIC,WeightCategoryID_MaxWeightCat,Weight category identification number maximum weight category,The maximum weight category (the defined uppermost weight limit in the range for the category).,int,NULL
MDOTW_VW_OCCURRENCE_PUBLIC,AirportDescription,Airport description,The airport description.,varchar,255
MDOTW_VW_OCCURRENCE_PUBLIC,NoAircraftInvolved,No aircraft involved,"Indicates whether an aircraft was involved. Note: A value of ""0"" indicates that the occurrence did not involve a specific aircraft.",smallint,NULL
MDOTW_VW_INJURIES_PUBLIC,NoneCount,None count,The number of non injuries for the associated occurrence/occurrence aircraft.,int,NULL
MDOTW_VW_OCCURRENCE_PUBLIC,TotalNoneCount,Total none count,The total number of people not injured (aircraft occupants only).,int,NULL
MDOTW_VW_AIRCRAFT_PUBLIC,NumberOfEngine,Number of engines,The number of engines installed on the aircraft.,int,NULL
MDOTW_VW_OCCURRENCE_PUBLIC,OccClassID,Occurrence classification identification number,A system-generated number for the purposes of database administration.,int,NULL
MDOTW_VW_OCCURRENCE_PUBLIC,OccDate,Occurrence date,The occurrence date. Date format is YYYY-MM-DD.,date,NULL
MDOTW_VW_AIRCRAFT_PUBLIC,OccID,Occurrence identification number,A system-generated number for the purposes of database administration.,int,NULL
MDOTW_VW_OCCURRENCE_PUBLIC,OccRegionID_DisplayEng,Occurrence regional  (English),"The region of the occurrence, as defined by the geographical area each regional office has been assigned, in English.",varchar,255
MDOTW_VW_OCCURRENCE_PUBLIC,OccRegionID_DisplayFre,Occurrence regional  (French),"The region of the occurrence, as defined by the geographical area each regional office has been assigned, in French.",varchar,255
MDOTW_VW_EVENTS_AND_PHASES_PUBLIC,OccID,Occurrence identification number,A system-generated number for the purposes of database administration.,int,NULL
MDOTW_VW_INJURIES_PUBLIC,OccID,Occurrence identification number,A system-generated number for the purposes of database administration.,int,NULL
MDOTW_VW_SURVIVABILITY_PUBLIC,OccID,Occurrence identification number,A system-generated number for the purposes of database administration.,int,NULL
MDOTW_VW_OCCURRENCE_PUBLIC,OccIncidentTypeID,Occurrence incident type identification number,A system-generated number for the purposes of database administration.,int,NULL
MDOTW_VW_AIRCRAFT_PUBLIC,OccNo,Occurrence number,The unique occurrence number for general reference.,varchar,8
MDOTW_VW_AIRCRAFT_PUBLIC,OperatorTypeID,Operator type identification number,A system-generated number for the purposes of database administration.,int,NULL
MDOTW_VW_EVENTS_AND_PHASES_PUBLIC,OccNo,Occurrence number,The unique occurrence number for general reference.,varchar,8
MDOTW_VW_INJURIES_PUBLIC,OccNo,Occurrence number,The unique occurrence number for general reference.,varchar,8
MDOTW_VW_AIRCRAFT_PUBLIC,OrganizationID,Organization identification number,A system-generated number for the purposes of database administration.,int,NULL
MDOTW_VW_SURVIVABILITY_PUBLIC,OccNo,Occurrence number,The unique occurrence number for general reference.,varchar,8
MDOTW_VW_OCCURRENCE_PUBLIC,OccRegionID,Occurrence regional identification number,A system-generated number for the purposes of database administration.,int,NULL
MDOTW_VW_OCCURRENCE_PUBLIC,OccTime,Occurrence time,The time the occurrence happened. Time format is hh:mm (24-hour clock).,time,NULL
MDOTW_VW_OCCURRENCE_PUBLIC,OccTypeID,Occurrence type identification number,A system-generated number for the purposes of database administration.,int,NULL
MDOTW_VW_OCCURRENCE_PUBLIC,OceanID,Ocean identification number,A system-generated number for the purposes of database administration.,int,NULL
MDOTW_VW_AIRCRAFT_PUBLIC,OperationTypeID,Operation type  (English),A system-generated number for the purposes of database administration.,int,NULL
MDOTW_VW_OCCURRENCE_PUBLIC,OsLengthAvailable,Operating surface length available,"The available length for the aircraft on the operating surface, in feet or in metres.",numeric,NULL
MDOTW_VW_OCCURRENCE_PUBLIC,OsLengthTotal,Operating surface length total,"The total length of the operating surface, in feet.",numeric,NULL
MDOTW_VW_OCCURRENCE_PUBLIC,OsLengthUtilized,Operating surface length utilized,"The length of the operating surface that was utilized, in feet.",numeric,NULL
MDOTW_VW_OCCURRENCE_PUBLIC,OsWidthAvailable,Operating surface width available,"The available width on the operating surface, in feet.",numeric,NULL
MDOTW_VW_OCCURRENCE_PUBLIC,OsWidthTotal,Operating surface width total,"The total width of the operating surface, in feet.",numeric,NULL
MDOTW_VW_AIRCRAFT_PUBLIC,OtherAircraftSightedEnum,Other aircraft sighted enumerated,A system-generated number for the purposes of database administration.,int,NULL
MDOTW_VW_OCCURRENCE_PUBLIC,PadID,Pad identification number,A system-generated number for the purposes of database administration.,int,NULL
MDOTW_VW_EVENTS_AND_PHASES_PUBLIC,PhaseID,Phase identification number,A system-generated number for the purposes of database administration.,int,NULL
MDOTW_VW_AIRCRAFT_PUBLIC,PilotUnknownIND,Pilot unknown indicator,Indicates whether the pilot is unknown.,smallint,NULL
MDOTW_VW_AIRCRAFT_PUBLIC,PopOutFloatsEnum,Pop out floats enumerated,A system-generated number for the purposes of database administration.,int,NULL
MDOTW_VW_OCCURRENCE_PUBLIC,PositionTypeEnum,Position type enumerated,A system-generated number for the purposes of database administration.,int,NULL
MDOTW_VW_AIRCRAFT_PUBLIC,PropellerMakeID,Propeller make identification number,A system-generated number for the purposes of database administration.,int,NULL
MDOTW_VW_AIRCRAFT_PUBLIC,PropellerModelID,Propeller model identification number,A system-generated number for the purposes of database administration.,int,NULL
MDOTW_VW_AIRCRAFT_PUBLIC,PropellerPosition,Propeller position,"A number indicating the position of the malfunctioning propeller on the aircraft, for aircrafts with multiple propellers. Numbering convention: Flight crew facing forward, left to right.
Propeller grid - Multiple propeller entries per occurrence (OccID) and/or specific aircraft (AcID) possible. Each malfunctioning propeller will result in a separate entry.",int,NULL
MDOTW_VW_AIRCRAFT_PUBLIC,PropellerTypeID,Propeller type identification number,A system-generated number for the purposes of database administration.,int,NULL
MDOTW_VW_OCCURRENCE_PUBLIC,Airport_ProvinceID,Airport province identification number,A system-generated number for the purposes of database administration.,int,NULL
MDOTW_VW_OCCURRENCE_PUBLIC,ProvinceID,Province identification number,A system-generated number for the purposes of database administration.,int,NULL
MDOTW_VW_AIRCRAFT_PUBLIC,RegCountryID,Registration country identification number,A system-generated number for the purposes of database administration.,int,NULL
MDOTW_VW_AIRCRAFT_PUBLIC,RegistrationNo,Registration number,The registration number of the occurrence aircraft.,varchar,15
MDOTW_VW_AIRCRAFT_PUBLIC,RegistrationNo,Registration number,Aircraft Registration Number of the Specific Aircraft Involved (AcID),varchar,15
MDOTW_VW_OCCURRENCE_PUBLIC,ReportedByID,Reported by identification number,A system-generated number for the purposes of database administration.,int,NULL
MDOTW_VW_AIRCRAFT_PUBLIC,ReqSepHorizontal,Required separation horizontal,The required horizontal separation of the aircraft.,numeric,NULL
MDOTW_VW_AIRCRAFT_PUBLIC,ReqSepHorizontalEnum,Required separation horizontal enumerated,A system-generated number for the purposes of database administration.,int,NULL
MDOTW_VW_AIRCRAFT_PUBLIC,ReqSepTime,Required separation time,"The required separation time of the aircraft, in minutes.",numeric,NULL
MDOTW_VW_AIRCRAFT_PUBLIC,ReqSepVertical,Required separation vertical,"The required vertical separation of the aircraft, in feet.",numeric,NULL
MDOTW_VW_OCCURRENCE_PUBLIC,ResaLength,RESA length,"The length of the runway end safety area (RESA) for takeoff and landing from land or aerodrome, in feet.",numeric,NULL
MDOTW_VW_OCCURRENCE_PUBLIC,ResaSurfaceTypeID,RESA surface type identification number ,A system-generated number for the purposes of database administration.,int,NULL
MDOTW_VW_OCCURRENCE_PUBLIC,ResaWidth,RESA width,"The width of the runway end safety area (RESA) for takeoff and landing from land or aerodrome, in feet.",numeric,NULL
MDOTW_VW_OCCURRENCE_PUBLIC,RespRegionID,Responsible region identification number,A system-generated number for the purposes of database administration.,int,NULL
MDOTW_VW_AIRCRAFT_PUBLIC,RotorLocationID,Rotor location identification number ,A system-generated number for the purposes of database administration.,int,NULL
MDOTW_VW_AIRCRAFT_PUBLIC,RotorMakeID,Rotor make identification number,A system-generated number for the purposes of database administration.,int,NULL
MDOTW_VW_AIRCRAFT_PUBLIC,RotorModelID,Rotor model identification number,A system-generated number for the purposes of database administration.,int,NULL
MDOTW_VW_AIRCRAFT_PUBLIC,RotorSystemID,Rotor system identification number,A system-generated number for the purposes of database administration.,int,NULL
MDOTW_VW_AIRCRAFT_PUBLIC,RowStatus,Row status,Identifies in the support table whether the particular aircraft is part of the current list of active aircrafts that can be selected during occurrence input.,smallint,NULL
MDOTW_VW_OCCURRENCE_PUBLIC,RunwayID,Runway identification number,A system-generated number for the purposes of database administration.,int,NULL
MDOTW_VW_OCCURRENCE_PUBLIC,RunwaySlopeID,Runway slope identification number,A system-generated number for the purposes of database administration.,int,NULL
MDOTW_VW_OCCURRENCE_PUBLIC,RunwaySurfaceID,Runway surface identification number,A system-generated number for the purposes of database administration.,int,NULL
MDOTW_VW_OCCURRENCE_PUBLIC,RunwaySurfaceTypeID,Runway surface type identification number,A system-generated number for the purposes of database administration.,int,NULL
MDOTW_VW_OCCURRENCE_PUBLIC,RVRA,RVR A,"The runway visual range (RVR) adjacent to the runway threshold, in feet.",int,NULL
MDOTW_VW_OCCURRENCE_PUBLIC,RVRB,RVR B,"The runway visual range (RVR) adjacent to the runway mid-point, in feet.",int,NULL
MDOTW_VW_OCCURRENCE_PUBLIC,RVRUnlimitedIND,RVR unlimited indicator,"Indicates whether the runway visual range (RVR) is unlimited. Indicator: 0=No, 1=Yes.",smallint,NULL
MDOTW_VW_OCCURRENCE_PUBLIC,SafetyCommIssuedEnum,Safety communication issued enumerated,A system-generated number for the purposes of database administration.,int,NULL
MDOTW_VW_AIRCRAFT_PUBLIC,SameDepartAsOccIND,Same departure as occurrence indicator,Indicates whether the departure location is the same as the occurrence location. Indicator: 1 = true. ,smallint,NULL
MDOTW_VW_AIRCRAFT_PUBLIC,SameDestAsOccIND,Same destination as occurrence indicator,Indicates whether the destination location is the same as the occurrence location. Indicator: 1 = true. ,smallint,NULL
MDOTW_VW_AIRCRAFT_PUBLIC,SerialNo,Serial number,The serial number assigned to the aircraft by the manufacturer.,varchar,15
MDOTW_VW_INJURIES_PUBLIC,SeriousCount,Serious count,The number of serious injuries associated to the occurrence or occurrence aircraft.,int,NULL
MDOTW_VW_OCCURRENCE_PUBLIC,TotalSeriousCount,Total serious count,The total number of serious injuries (includes any ground injuries).,int,NULL
MDOTW_VW_OCCURRENCE_PUBLIC,SeriousIncidentEnum,Serious incident enumerated,A system-generated number for the purposes of database administration.,int,NULL
MDOTW_VW_OCCURRENCE_PUBLIC,SkyCondID,Sky conditions identification number,A system-generated number for the purposes of database administration.,int,NULL
MDOTW_VW_AIRCRAFT_PUBLIC,StateOperatorID,State operator identification number,A system-generated number for the purposes of database administration.,int,NULL
MDOTW_VW_OCCURRENCE_PUBLIC,Summary,Summary,The summary of the occurrence.,varchar,-1
MDOTW_VW_OCCURRENCE_PUBLIC,SurfaceContaminationID,Surface contamination identification number,A system-generated number for the purposes of database administration.,int,NULL
MDOTW_VW_SURVIVABILITY_PUBLIC,SurvEquiID,Survival equipment identification number,A system-generated number for the purposes of database administration.,int,NULL
MDOTW_VW_SURVIVABILITY_PUBLIC,SurvivableEnum,Survivable enumerated,A system-generated number for the purposes of database administration.,int,NULL
MDOTW_VW_OCCURRENCE_PUBLIC,SwCrosswind,Surface wind crosswind,"The crosswind component of the surface wind at the time of the occurrence, in knots.",int,NULL
MDOTW_VW_OCCURRENCE_PUBLIC,SwCrosswindEnum,Surface wind crosswind enumerated,A system-generated number for the purposes of database administration.,int,NULL
MDOTW_VW_OCCURRENCE_PUBLIC,SwDirection,Surface wind direction,The direction of the surface wind (magnetic heading by default) at the time of the occurrence.,varchar,255
MDOTW_VW_OCCURRENCE_PUBLIC,SwDirectionEnum,Surface wind direction emunerated,A system-generated number for the purposes of database administration.,int,NULL
MDOTW_VW_OCCURRENCE_PUBLIC,SwPeakGus,Surface wind peak gust,"The peak surface wind gusts at the time of the occurrence, in knots.",int,NULL
MDOTW_VW_OCCURRENCE_PUBLIC,SwSpeed,Surface wind speed,"The surface wind at the time of the occurrence, in knots.",int,NULL
MDOTW_VW_OCCURRENCE_PUBLIC,SwTallWind,Surface wind tail wind,"The tail wind component of the surface wind at the time of the occurrence, in knots.",int,NULL
MDOTW_VW_OCCURRENCE_PUBLIC,SwVariableDirIND,Surface wind variable direction indicator,"Indicates whether the direction of the surface wind was variable at the time of the occurrence. Indicator: 1=Yes, others=No.",smallint,NULL
MDOTW_VW_AIRCRAFT_PUBLIC,SystemEffectiveEnum,System effective enumerated,A system-generated number for the purposes of database administration.,int,NULL
MDOTW_VW_OCCURRENCE_PUBLIC,TakeOffLandingTypeID,Takeoff landing type identification number,A system-generated number for the purposes of database administration.,int,NULL
MDOTW_VW_OCCURRENCE_PUBLIC,TaxiwayID,Taxiway identification number,A system-generated number for the purposes of database administration.,int,NULL
MDOTW_VW_OCCURRENCE_PUBLIC,Temperature,Temperature,"The temperature at the time of the occurrence, in degrees Celsius by default.",decimal,NULL
MDOTW_VW_OCCURRENCE_PUBLIC,TemperatureEnum,Temperature enumerated,A system-generated number for the purposes of database administration.,int,NULL
MDOTW_VW_OCCURRENCE_PUBLIC,TimeZoneID,Time zone identification number,A system-generated number for the purposes of database administration.,int,NULL
MDOTW_VW_OCCURRENCE_PUBLIC,ToLdgRelToSwellID,Takeoff landing relative to swell identification number,A system-generated number for the purposes of database administration.,int,NULL
MDOTW_VW_OCCURRENCE_PUBLIC,TouchdownCentreline,Touchdown centerline,"The distance between the aircraft touchdown location and the centreline, if relevant, in feet.",numeric,NULL
MDOTW_VW_OCCURRENCE_PUBLIC,TouchdownCentrelineEnum,Touchdown centerline enumerated,A system-generated number for the purposes of database administration.,int,NULL
MDOTW_VW_OCCURRENCE_PUBLIC,TouchdownThreshold,Touchdown threshold,"The distance between the aircraft touchdown location and the runway threshold, if relevant, in feet.",numeric,NULL
MDOTW_VW_OCCURRENCE_PUBLIC,TouchdownThresholdEnum,Touchdown threshold enumerated,A system-generated number for the purposes of database administration.,int,NULL
MDOTW_VW_AIRCRAFT_PUBLIC,TrafficAdvisoryTypeID,Traffic advisory type identification number,A system-generated number for the purposes of database administration.,int,NULL
MDOTW_VW_OCCURRENCE_PUBLIC,TsbInvolveID,TSB involved identification number,A system-generated number for the purposes of database administration.,int,NULL
MDOTW_VW_SURVIVABILITY_PUBLIC,UlbID,Underwater locator beacon identification number,A system-generated number for the purposes of database administration.,int,NULL
MDOTW_VW_OCCURRENCE_PUBLIC,TotalUnknownCount,Total unknown count,The total number of people whose status is unknown (aircraft occupants only).,int,NULL
MDOTW_VW_INJURIES_PUBLIC,Unknown_MissingCount,Unknown missing count,The number of people who are missing or whose location is unknown for the associated occurrence/occurrence aircraft.,int,NULL
MDOTW_VW_OCCURRENCE_PUBLIC,Visibility,Visibility,"The visibility, in statute miles.",decimal,NULL
MDOTW_VW_OCCURRENCE_PUBLIC,VisibilyCeiling,Visibility ceiling,"The visibility ceiling, in feet.",int,NULL
MDOTW_VW_AIRCRAFT_PUBLIC,WakeTurbulenceCategoryID,Wake turbulence category identification number,A system-generated number for the purposes of database administration.,int,NULL
MDOTW_VW_OCCURRENCE_PUBLIC,WaterSurfaceConditionID,Water surface condition identification number,A system-generated number for the purposes of database administration.,int,NULL
MDOTW_VW_OCCURRENCE_PUBLIC,WaveHeightID,Wave height identification number,A system-generated number for the purposes of database administration.,int,NULL
MDOTW_VW_OCCURRENCE_PUBLIC,WeatherPhenomenaDescID,Weather phenomena description identification number,A system-generated number for the purposes of database administration.,int,NULL
MDOTW_VW_OCCURRENCE_PUBLIC,WeatherPhenomenaIntensityID,Weather phenomena intensity identification number,A system-generated number for the purposes of database administration.,int,NULL
MDOTW_VW_OCCURRENCE_PUBLIC,WeatherPhenomenaTypeID,Weather phenomena type identification number,A system-generated number for the purposes of database administration.,int,NULL
MDOTW_VW_AIRCRAFT_PUBLIC,WeightCategoryID,Weight category identification number,A system-generated number for the purposes of database administration.,int,NULL
MDOTW_VW_AIRCRAFT_PUBLIC,WeightCategoryID_MinWeightCat,Weight category identification number minimum weight category,The minimum weight category (the defined lowest weight limit in the range for the category).,int,NULL
MDOTW_VW_AIRCRAFT_PUBLIC,YearOfManuf,Year of manufacture,The year in which the aircraft was manufactured.,char,4
MDOTW_VW_AIRCRAFT_PUBLIC,WeightWithinLimitsEnum,Weight within limits enumerated,A system-generated number for the purposes of database administration.,int,NULL
